{
    "job_description_validity": "",
    "resume_validity": "",
    "resume_eligibility": "",
    "score_out_of_100": 0,
    "short_conclusion": "",
    "chance_of_selection_percentage": 0,
    "resume_improvement_priority": [],
    "overall_fit_summary": "",
    "resume_analysis_report": {
      "candidate_information": {
        "name": "",
        "position_applied": "",
        "experience_level": "",
        "current_status": ""
      },
      "strengths_analysis": {
        "technical_skills": [],
        "project_portfolio": [],
        "educational_background": []
      },
      "weaknesses_analysis": {
        "critical_gaps_against_job_description": [],
        "technical_deficiencies": [],
        "resume_presentation_issues": [],
        "soft_skills_gaps": [],
        "missing_essential_elements": []
      },
      "section_wise_detailed_feedback": {
        "contact_information": {
          "current_state": "",
          "strengths": [],
          "improvements": []
        },
        "profile_summary": {
          "current_state": "",
          "strengths": [],
          "improvements": []
        },
        "education": {
          "current_state": "",
          "strengths": [],
          "improvements": []
        },
        "skills": {
          "current_state": "",
          "strengths": [],
          "improvements": []
        },
        "projects": {
          "current_state": "",
          "strengths": [],
          "improvements": []
        },
        "missing_sections": {
          "certifications": "",
          "experience": "",
          "achievements": "",
          "soft_skills": ""
        }
      },
      "improvement_recommendations": {
        "immediate_resume_additions": [],
        "immediate_priority_actions": [],
        "short_term_development_goals": [],
        "medium_term_objectives": []
      },
      "soft_skills_enhancement_suggestions": {
        "communication_skills": [],
        "teamwork_and_collaboration": [],
        "leadership_and_initiative": [],
        "problem_solving_approach": []
      },
      "final_assessment": {
        "eligibility_status": "",
        "hiring_recommendation": "",
        "key_interview_areas": [],
        "onboarding_requirements": [],
        "long_term_potential": ""
      }
    }
  } 