{
  "job_description_validity": "Valid",
  "resume_validity": "Valid",
  "resume_eligibility": "Eligible",
  "score_out_of_100": 77,
  "short_conclusion": "Candidate is a promising fit for the role with some room for polish.",
  "chance_of_selection_percentage": 70,
  "resume_improvement_priority": [
    "Add TensorFlow or PyTorch experience to resume",
    "Fix grammar and formatting issues",
    "Add GitHub links to projects",
    "Include specific technical details in AI/ML projects"
  ],
  "overall_fit_summary": "Resume shows strong Python foundation and genuine AI/ML interest with practical projects, but lacks explicit mention of deep learning frameworks (TensorFlow/PyTorch) and detailed technical implementation metrics in existing AI projects.",
  "resume_analysis_report": {
    "candidate_information": {
      "name": "Smit Vaghasiya",
      "position_applied": "Junior AI/ML Engineer",
      "experience_level": "Entry Level (0-2 years)",
      "current_status": "B.Tech Student (Expected 2026)"
    },
    "strengths_analysis": {
      "technical_skills": [
        "Strong Python programming foundation with practical ML implementation experience",
        "Active AI project development (Jewelify, Interviewer) showing hands-on experience",
        "Full-stack development skills valuable for ML model deployment"
      ],
      "project_portfolio": [
        "Diverse portfolio with real AI applications including computer vision and NLP",
        "Self-driven project development indicating strong learning initiative",
        "Current engagement with cutting-edge AI technologies"
      ],
      "educational_background": [
        "AI specialization in B.Tech directly aligns with job requirements",
        "Strong theoretical foundation combined with practical experience"
      ]
    },
    "weaknesses_analysis": {
      "critical_gaps_against_job_description": [
        "Missing explicit TensorFlow and PyTorch experience - these frameworks are specifically required but not clearly mentioned despite having AI projects",
        "Limited demonstration of data preprocessing skills - basic mention without detailed implementation techniques",
        "No evidence of model evaluation and performance metrics experience - crucial for ML model validation",
        "Lack of explicit supervised vs unsupervised learning technique knowledge demonstration",
        "No mention of collaborative development experience - job requires working with senior engineers and data scientists",
        "Missing soft skills demonstration including communication, teamwork, and problem-solving abilities"
      ],
      "technical_deficiencies": [
        "Missing essential data science libraries (pandas, numpy, scikit-learn, matplotlib) explicitly listed",
        "No cloud platform experience mentioned (AWS, Google Cloud, Azure) for ML deployment",
        "Absence of version control systems (Git) and collaborative development tools",
        "No MLOps knowledge demonstrated - ML lifecycle, model versioning, deployment pipelines",
        "Missing database experience and SQL skills for data extraction and management"
      ],
      "resume_presentation_issues": [
        "Inconsistent formatting with irregular spacing and capitalization affecting professional appearance",
        "Multiple grammatical errors and awkward phrasing reducing credibility",
        "Vague AI/ML project descriptions lacking specific technical implementation details",
        "Missing quantification of achievements - no performance metrics, accuracy scores, or user impact data",
        "AI projects don't clearly highlight the ML frameworks and techniques used"
      ],
      "soft_skills_gaps": [
        "No demonstration of teamwork or collaborative project experience",
        "Missing communication skills evidence crucial for cross-functional ML teams",
        "Lack of leadership or initiative examples beyond individual projects",
        "No problem-solving methodology or approach described in project work",
        "Absence of mentoring or knowledge-sharing experience"
      ],
      "missing_essential_elements": [
        "No GitHub links or portfolio website to showcase actual code implementations",
        "Missing AI/ML certifications or continuous learning evidence",
        "Absence of achievements, competitions, or recognition in AI/ML field",
        "No specific proficiency levels for programming languages and ML technologies",
        "Missing professional experience section including internships or part-time work"
      ]
    },
    "section_wise_detailed_feedback": {
      "contact_information": {
        "current_state": "Complete with all necessary contact methods provided",
        "strengths": ["Phone, email, LinkedIn, and address all included"],
        "improvements": ["Add GitHub profile prominently", "Include portfolio website link", "Ensure all links are properly formatted"]
      },
      "profile_summary": {
        "current_state": "Brief overview highlighting web development and AI skills",
        "strengths": ["Shows relevant technical focus", "Demonstrates AI passion"],
        "improvements": ["Specify ML frameworks used in projects", "Add quantifiable project outcomes", "Include soft skills like teamwork and communication", "Highlight specific AI/ML achievements"]
      },
      "education": {
        "current_state": "Strong educational progression with AI specialization",
        "strengths": ["AI specialization directly relevant", "Clear progression path"],
        "improvements": ["Add GPA if 3.0+", "Include relevant AI/ML coursework", "Mention group projects demonstrating teamwork", "Add academic achievements"]
      },
      "skills": {
        "current_state": "Basic programming languages with some proficiency indicators",
        "strengths": ["Python prominence appropriate for ML", "Honest proficiency indicators"],
        "improvements": ["Add ML frameworks (TensorFlow, PyTorch, scikit-learn)", "Include data science libraries (pandas, numpy, matplotlib)", "Organize by categories (Programming, ML/AI, Tools, Soft Skills)", "Add collaboration tools (Git, Jupyter)"]
      },
      "projects": {
        "current_state": "Six projects showing technical versatility with AI focus",
        "strengths": ["Good AI project variety", "Real-world problem solving"],
        "improvements": ["Clearly specify ML frameworks used (e.g., 'Built using TensorFlow and OpenCV')", "Add model accuracy metrics and performance data", "Include team collaboration details if applicable", "Describe technical challenges and problem-solving approach", "Provide GitHub repository links with proper documentation"]
      },
      "missing_sections": {
        "certifications": "Add AI/ML certifications, online courses, or professional development",
        "experience": "Include internships, freelance ML projects, or volunteer technical work",
        "achievements": "Add hackathon participation, ML competitions, or technical recognitions",
        "soft_skills": "Dedicated section highlighting communication, teamwork, and leadership abilities"
      }
    },
    "improvement_recommendations": {
      "immediate_resume_additions": [
        "Explicitly mention TensorFlow/PyTorch in AI projects (e.g., 'Developed using TensorFlow and MobileNetV2')",
        "Add specific metrics to projects (e.g., 'Achieved 85% accuracy in recommendation system')",
        "Include GitHub repository links for all projects",
        "Fix formatting consistency and grammar errors",
        "Add soft skills section mentioning teamwork, communication, problem-solving"
      ],
      "immediate_priority_actions": [
        "Create detailed project documentation highlighting ML frameworks used",
        "Develop at least one project explicitly showcasing TensorFlow or PyTorch",
        "Build GitHub portfolio with well-documented ML projects",
        "Practice explaining technical concepts for interview communication",
        "Join ML communities or study groups to demonstrate collaborative learning"
      ],
      "short_term_development_goals": [
        "Complete comprehensive data preprocessing projects using pandas and numpy",
        "Develop model evaluation projects with proper metrics and validation techniques",
        "Create supervised and unsupervised learning projects with clear documentation",
        "Obtain relevant AI/ML certifications (Coursera, edX, Google Cloud)",
        "Participate in group projects or open-source contributions to show teamwork",
        "Build professional portfolio website showcasing technical and soft skills"
      ],
      "medium_term_objectives": [
        "Secure internship or part-time ML position for professional experience",
        "Lead or contribute to collaborative ML projects demonstrating leadership",
        "Participate in ML competitions (Kaggle) or hackathons for practical experience",
        "Develop cloud platform skills (AWS SageMaker, Google Cloud AI) for deployment",
        "Build end-to-end ML projects with team collaboration and proper documentation",
        "Mentor junior students or contribute to technical communities"
      ]
    },
    "soft_skills_enhancement_suggestions": {
      "communication_skills": [
        "Add technical blog writing or documentation experience to demonstrate communication",
        "Include presentation experience from academic projects or technical talks",
        "Mention ability to explain complex ML concepts to non-technical stakeholders"
      ],
      "teamwork_and_collaboration": [
        "Highlight group academic projects with specific role and contribution details",
        "Include open-source contributions or collaborative coding experience",
        "Mention cross-functional project work combining ML with other domains"
      ],
      "leadership_and_initiative": [
        "Document any project leadership roles or initiative-taking examples",
        "Include mentoring experience or knowledge sharing activities",
        "Highlight self-directed learning and skill development examples"
      ],
      "problem_solving_approach": [
        "Describe systematic problem-solving methodology used in projects",
        "Include examples of overcoming technical challenges in ML implementations",
        "Mention debugging and optimization experience in model development"
      ]
    },
    "final_assessment": {
      "eligibility_status": "Qualified with Development Needs",
      "hiring_recommendation": "Recommend for interview focusing on potential, learning ability, and existing AI project experience",
      "key_interview_areas": [
        "Python programming and ML implementation abilities",
        "Technical details of existing AI projects (Jewelify, Interviewer)",
        "Understanding of machine learning concepts and practical applications",
        "Learning agility and framework adaptation skills",
        "Communication skills and technical explanation abilities",
        "Teamwork potential and collaborative development interest"
      ],
      "onboarding_requirements": [
        "Structured training program for advanced TensorFlow/PyTorch usage",
        "Mentorship pairing with senior ML engineer for technical and soft skills guidance",
        "90-day learning milestones including both technical and collaboration goals",
        "Company-sponsored courses in missing technical areas and soft skills development"
      ],
      "long_term_potential": "High potential for growth with proper training and mentorship - candidate demonstrates strong foundational skills, genuine AI/ML passion, and active project development, with clear capability to develop missing technical and soft skills"
    }
  }
} 